City,jinko
ls,3748781
ߌ,292709
_ސ,244838
,103761
,149598
,195677
`,213933
ۓyPJ,205859
,245169
q,166410
,198593
`k,353201
΋,182115
t,310156
s},212437
˒ˋ,280700
h,119604
,151855
J,122166
sNA,1530457
s,233116
sK,170159
s,261825
sË,233285
s{O,232325
s,219868
s,179879
͌s,722828
΋,170869
,272056
,279903
{s,393894
ˎs,257729
qs,172262
s,434568
cs,190109
s,241887
qs,56936
OYs,42488
`s,165051
؎s,224677
as,237445
ɐs,102137
CVs,133706
Ԏs,130608
쑫s,41814
s,84372
OYStR,31683
쒬,48379
S,59028
钬,31284
{,27744
S,65024
䒬,9368
䒬,17060
c,10884
Rk,9702
J,18010
S,41814
,11169
^ߒ,6843
͌,23802
bS,42489
쒬,39381
쑺,3108
qی,303369
ؕی,853297
˕ی,632324
cی,231923
ی,241887
sی,241887
